id,sequence,doublon,containN
Omyk_Chr12_NC_035088.1_IGHV1P_81312817_81313128,ATATATGGTCAGAGTCTGGAGGCCATTCCCTCCAGTCCAGTCCTGAAAAAGCCTGGAGAACCTCTCAGCCTCTCCTGTAAGGGATCTGCGTTTAACTTTAGTAGCTAAAACATGGCCTGGATACATCAACCTGCAGGAAGAGCACTTGAATTGATAGGCATTATATGGAGTGATGCTGGTGGAACTGCATATACAAAAAGAGTTGAAGGACAGATAGAAGTCACCAGAGAGAATTCTAACAGCATCGTGTATCTGAAGCTGTCTGTTCTGAGAGCAGAGGACTCTGCTGTGTATTACTGTGCACAAGAGA,False,False
Omyk_Chr12_NC_035088.1_IGHV2P_81318367_81318661,GTTTAAGTGGTCAAACTATGGAGTCCATTCCCTCCAGTCCACTCCAGAAAAAGCCAGGAGAAACTCTCAACCTCTCCAGCAGAGGTATACCTTTACAAGCTATGTATGAACTGTATTCACCAACCTACAGGGAAACCATTGGAATGGATGGGCTGGATCAACACCAATACTGGAGCAGCAGGCTATGCCAAATCCCTGGAGGGACAGATTGAACTGACCAAAGACAACTCAGTGAGCATGACACGTCTGAAACTGTCTGGTCTGAAGTCAGAGGACTCTGCTGTGTATTACTGGG,False,False
Omyk_Chr12_NC_035088.1_IGHV3P_81320821_81321111,TGTTCATGGTCAGACACTGACTAAGTCTGGACCAGTAGTTAAAAAGCCTGGATAATCCCACAAACTGACAGCCTCTGGCTTCACATTCAGAATATATAGGATGGGTTGGATCAGACAGGCACCTGGGAAAGGACTGGAGTGGGTTGCTTATATTAGCACACAGAGTAATCCAATCTCTTACTCCTGTCAGTCCAGGGTAGATTCACCATCTCCAGAGATGACTCCAGCAGTAAGCTGTACCTACAGATGAACAGCCTGAAGAGTGAGGACTCTGCAGTGTATTATTGTGT,False,False
Omyk_Chr12_NC_035088.1__IGHV4_81322385_81322680,GTACAGAGTTATGAACTCTCTCAGCCAGCATCTATGACTGTCCTGCCAGGTCAACCACTGACCATCTCCTGTAAGGTCTCATATTCAGTTACTAACGCTTGGACAGCTTGGATCCGAAAGCCTGCAGGGAAAACACTGGAGTGGATTGGAAATGTATATTCTGGAGACACAGAACACAAGGATTCACTGAAGAACAAGTTCAGCCTCTCAGTAGACTCTAGCAGTAATACTGTGTTTTTAAAAGGGCAGAACCTTCAGACTGAAGACTCAGCTGTGTATTATTGTGCCTACCCT,False,False
Omyk_Chr12_NC_035088.1__IGHV5P_81332711_81333058,AATGATACTAAATACTATTTGAGTGTATGTAAACTTCTGACCCACTGGGAATGTGATGAATGAAATAAGAGCTGAAATAAATCATTCTCTCTACTAATTATTATGATTTTTCACATTCTAAAAATAAACTTAAAACAGTGAATTTTTACTAGGATTAAATGTCAGGATTTGTGAAATTGTTAGTTTAAATGTATTTGGCTAAAGTAAGGTAACTTCCAATTTCAACTATTTTATAAGCTGAAAAACAAGTTCAGTATCCCCAGAGACACTTCCAGCAGCAAAGTGACTTCAACAGGACAGAGTCTGCAGACTGAAGACACAGCTGTGTGTTATTGTGCTCGCTACC,False,False
Omyk_Chr12_NC_035088.1_IGHV6P_81333678_81333986,TATTATCTCTATGTTGCTTTATCTCCACAGGTGTTCATGGTCAGTCACTGAATCTGTAGTTATAAAACCTGGAGAATCACACAAACTGACCTGCACGTATACTGAATTATGTGGCCACATTTGGAATTCTTGGATCAGAAAGGCTCCTGTGAAAGAATTAGAATGAGTTGCAGCTATTACCAGCAGTGATGGTGGCAGTCAGTTCAGGGTCGGTTCACCATCTCCAGAGACAACAGCAAGCAGCAGGTGTATCTCCAGATGAACAGTCTGAAGACTGAAGACTCTGCTGTTTATTATTGTTGCAGAGA,False,False
Omyk_Chr12_NC_035088.1_IGHV7_81335727_81336024,GTTCAGGGTCAGACACTGACGGAGTCTGAATCAGTGGTTAAAAAGCCTGGAGAATCCCACAAACTGACCTGTACATATTCTGGGTTTGGTGGCAACTATTGGAATGCTTGGATCAGACAGGCTCCTGGGAAAGGACTGGAGTGGGTTGCAACTATCAGTGATGGTGGCAGCACTTACTACCCCCAGTCTGTTCAGGGTCGGGTCACCATCTCCAGAGACAACAGCAAGCAGCAGGTGTATCTCCAGATGAACAGTCTGAAGACTGAAGACTCTGCTGTTTATTATTGTGCCAGAGA,False,False
Omyk_Chr12_NC_035088.1_IGHV8P_81336977_81337276,GTTTGTTGTAATATCAGGCAGGATCAGTCTCCTCCTCAAGTGAAAAGACCTGGAGACACTGTTAAATTGTCCTGTAAAATCTCTGCTTTCTCAATGAGCGGCTACTGGATACACTGGATGAGGCAGAAGTGAGGCAAAGCCCTGGAGTGGATCGGGAGAATGAATAGCAATTCTACAATCTACACAAACTCCCTGAAAGGAGTGTTTGTCCTGACTGAGGACGTCTCAACAAGCACACAGTTTTTAGAGGCCAAGAGTCTGAGAGCAGACACTGCTGTTTATTATTGTGCTCGAGAGA,False,False
Omyk_Chr12_NC_035088.1_IGHV9_81339680_81339363,GTGCACTGTGGTCTTGAGCTCACCCAACCAAGCTCATTGGATGTAAAGCCTGGAGAGTCTTTGAGCATCACCTGTAAGGTCTCTGGTTATTCTCTGACTGATAGCAGCAACGTCTATGGAATAGGCTGGATCCGTCAGCCTGTAGGAAAAGCACTTGAATGGATTTGGACCATCTATTATGTTGGAAGCTCAAACTCTCAAAGTTCCCTAAAAGACAGGTTCAGTGTCACAAGAGACACTTCCAGCAACACAGTGTTTTTAAAAGGACAGAATCTGCAGACTGAAGACACAGCTGTGTATTATTGTGCTCGGTGGC,False,False
Omyk_Chr12_NC_035088.1_SS_IGHV10_RSS_81359137_81359442,GTTTATGGTCAGACACTGACTGAGTCTGGACCAGTGGTTAAAAAGCCTGGAGAATCACACAAACTGACCTGTACAGCCTCTGGGTTCACATTCAGTAGCTATGCGATGAACTGGGTCAGACAGGCTCCTGGGAAAGGATTAGAGTGGATTGCTTATATCAGCACAGCTAGTACACCCATATATTACTCCCAGTCAGTCCAGGGTAGATTCACCATCTCTAGAGATGACTCCAGCAGTAAGCTGTACCTACAGATGAACAGTCTGAAGAGTGAAGACACAGCGGTGTATTACTGTGCCCGGTACA,False,False
Omyk_Chr12_NC_035088.1_IGHV11_81365089_81365411,GACTGTAGTAACACTTGTTTCACTGAGACACAGTGCCTTAGACCACTGCGCCACACGGGAGCCCTGGAGAAACCGGTAGAAACTCTCAACCTATCTTGCAGAGGAACTGGGTATACCTTTACAAGCTCTGGTATGATCTGGATTCACCAACCTACAGGGAAACCATTGGAATGGGTGGGCTGGATCAACACCAATACTGGAGCAGCAGGCTATGCCAAAACCATGGAGGGACAGATTGAACTGACCAAAGACAGCCCAGTGAGCATGACACATCTGAAACTGTCTGGTCTGAAGGCAGAGGACTCTGCTGTGTATTACTGGG,False,False
Omyk_Chr12_NC_035088.1_IGHV12_81365950_81366255,TTAAATGGCCAGAGTCTGGAGTCCATTCCCTCCAGTCCAGTCCTGAAAAAGCCTGGAGAAACTCTCAGTCTGTCCTGTAAGATATCTGGATACACTGTTAACAGCCACCACACACACTGGATACGACAGCCAGCAGGAAAATCTCTGGAGTGGATGGGTTATTCTGGATTAGGCCTAGGTTACCATGCTAAAACTTTTGAAGGACGCATGGAAACGACTAAAGATAACTCCAACAGCATGTTGACTCTGAAGCTGTCGGGTCTGAGAGCAGAGGACTCTGCTGTGTATTACTGTGCAAGAGAGA,False,False
Omyk_Chr12_NC_035088.1_IGHV13P_81367086_81367437,GTTTAAATAGTCAGAGTATGGAGTGTATTCCCTCCAGTTAATTAAACATTTAAAACTTGTATTTAACTATGCAAGTCAGTTAAGAAAAATATATTATTTACAAAGATAGCCTACCCCAGCCAAACCTGGGCCAATTGTGCACCACCTGATGGGAATCCCAATCACTGTCAGATGTGATACATCCTTGATTTGAACGAGGGACTGTAGTAACACTTGTTTCACTGAGACACAGTGCCTTAGACCACTGCGCCACACGGGAGCCCTGGAGAAACNNNNNNNNNNAGTAAGCTGTACCTACAGATGAACAGTCTGAAGAGTGAAGACACAGCGGTGTATTACTGTGCCCGGTACA,False,True
Omyk_Chr12_NC_035088.1_IGHV14P_81367599_81367922,GGGTGCTTATATTTGTCCTATTTCACACATGTTCAAGTGTGTATTATACACGTGTGAATTGTAAATGTNNNNNNNNNNGAAACTCTCAACCTATCTTGCAGAGGAACTGGGTATACCTTTACAAGCTCTGGTATGATCTGGATTCACCAACCTACAGGGAAACCATTGGAATGGGTGGGCTGGATCAACACCAATACTGGAGCAGCAGGCTATGCCAAAACCATGGAGGGACAGATTGAACTGACCAAAGACAGCCCAGTGAGCATGACACATCTGAAACTGTCTGGTCTGAAGGCAGAGGACTCTGCTGTGTATTACTGGG,False,True
Omyk_Chr12_NC_035088.1_IGHV15P_81383887_81384159,GTTCATGGTTAGACACAATTCTCTCTAATTCCTGGAGAATAACACAAACTGACCTATACAGCCTCTGGGTTCACATTCATAGCTACTACACGGCTGGGATCAGACTGGGAAAGGATTGTTTTTATTAGCACATCTATTAGTCCAATCTCTTCCTCCCAGTCAGTTCAGGGTAGATTCACCCTCTCCAGAGATGACTCCAGCAGTAAACTGTACCTACAGATGAACAGCATGAAGAGTGAGGACACAGCAGTGTATTACTGTGCTAGAGAGT,False,False
Omyk_Chr12_NC_035088.1_IGHV16P_81384684_81384968,GTGTACAGAATTATGAACTCAATCAGCCAGCCTCTATGACTGTCCAGCCAGGTCAACCACTGTAAGATCTCATATTCTGTTATTAGCTATTATACAGCTTGGACTTGACAGCCTGCAGAAAAAGGACTGGAGTGGATTGGAAATGTATATTCTGGAGACACATAATACAATAATTTACTGAAGAACAAGTTCAGCCTCTCAGTAGACTCCAGCAGTAATACTGTGTTTTTAAAAAGGAGCAACTTCCAGACTGAAGACACAGTTGTGCATTATTGTGCCTACACT,False,False
Omyk_Chr12_NC_035088.1_IGHV17P_81388213_81388533,TCAATCTTACTTGTTGTCACATGAACAAGTATCTAACATTCCAACTCCTGCCCTGTCTAGTCAAGCTTTCTTGTTGTCCTACATCATTTGCTACTGATTATACGATTGTCACTTTGTTTTTACTTTCAACAGATGGTCGTGTGTAAGCTTTCCTTCAAGTTTGAAATACTCTATACTATCCATGACAGCAGAAGCACCTACTACCCACAGTCTGATCAGGGTCGGTTTATCATCTCCAGATACAATAGCACGAAACAGGTGTATCTCTAGATGAACAGTCTGAAGACTGAAGACTCTGCTGTTTAATATTGTGCCAGAGA,False,False
Omyk_Chr12_NC_035088.1_IGHV18_81395848_81396168,GTATGGTGCGGTGGTCTTGAACTCAGCCAGCCAAGTTTATTGGTTGTAAAGCCTGGAGAGTCTCTGAGCATCACCTGTAAGGTCTCTGGGTATTCTGTTAGTGATAGCAGCATAAGCTTTGCCACAGGTCGGGTTCGAAAGCCTGCAGGGAAAGCAATAGAGTGGATTTCCCATATATGGGATGATGGAGATATCTACAAAACTGATTCACTGAAAAACATGTTCAGCATTTCAAGAGATGCCTCCTGTAACTCTGTGTCTTTTAAAAGCCAGAGCCTGCAACAAGACACAGCTGTGTATTACTGTGTTCGCTACCCAC,False,False
Omyk_Chr12_NC_035088.1_IGHV19P_81396766_81397086,GTATGGTGCGGTGGTCTTGAACTCAGCCAGCCAAGTTTATTGGTTGTAAAGCCTGGAGAGTCTCTGAGCATCACCTGTAAGGTCTCTGGGTATTCTGTTAGTGATAGCAGCATAAGCTTTGCCACAGGTCGGGTTCGAAAGCCTGCAGGGAAAGCAATAGAGTGGATTTCCCATATATGGGATGATGGAGATATCTACAAAACTGATTCACTGAAAAACATGTTCAGCATTTCAAGAGATGCCTCCTGTAACTCTGTGTCTTTTAAAAGCCAGAGCCTGCAACAAGACACAGCTGTGTATTACTGTGTTCGCTACCCAC,True,False
Omyk_Chr12_NC_035088.1_IGHV20_81397765_81398073,GTTTGCTGTGATGAGATGGATCAGTCTCCTTCTCAGGTGAAAAGACCTGGAGACAAGTTTAAATTGTCATGTAAAATCTCTGGGTTTGATATGACAGACTACTATATGACCTGGATAAGACAGAAACCAGGCAAAGCTCTGGAGTGGATTGGGGGTATTGACTCTGGTTCAACAAATTCTCCAGACTACTCAGACTCCCTGAAAGGCCAGTTCAGCCTGACTGAGGACGTCTCTACAAGCACACAGTTCTTAGAGGCCAAGAGTCTGAGTTCAGAGGACTCTGCTGTTTATTATTGTGCTCGACAGG,False,False
Omyk_Chr12_NC_035088.1_IGHV21P_81398323_81398601,GTTCAGGGTCAGACACTGACTGAGTCTGGACCACACATACTGACCTGTACAGCCTCTGATTTAGACATGAATAGCTACTGGGTGGCTTGGATCAGACAGGCTCCTGGGAAAGGACTGGGGTGGGTGCAACTATTACCCATGACAGCAGAAGCCCTTTCTACTCCTAGTCAGTACAGAGTCGGTTCACCATCTCCAGAGACAACAGCAAGCAGCAGGTGTATCTCCAGATGAACACCCTGAAGACTGAAGACTGTGCTGTTTATTATTGTGCCAGAGA,False,False
Omyk_Chr12_NC_035088.1_IGHV22P_81399513_81399812,TGTTTGTTGTAACATCAGGCAGGATCAGTCTCCTCCTCAAGTGAAAAGACCTGGAGACACTGTTAAATTGTCCTGTAAAATCTCTGCTTTCTCAATGAGTGGCTACTGGATACATTGGATGAGGCAGAAGTGAGGCAAAGCCCTGGAGTGGATCAGGAGAATGAATAGCAATTCTACAATCTACACAAACTCCCTGAAAGGAGTGTTTGTCCTGACTGAGGACGTCTCAACAAGCACACAGTTTTTAGAGGCCAAGAGTCTGAGAGCAGACACTGCTGTTTATTATTGTGCTCGAGAGA,False,False
Omyk_Chr12_NC_035088.1_IGHV23P_81401688_81402032,GGTTTTTGTACTGGTCTGTTGGTGGTTTGTATCACTGTGGCTACCGAGCACAATAATACACAGCTGTGTCTTCAGTCTGCAGATTCTGTCCTTTTAAAAACACTGTGTTGCTGGAAGTGTCTCTTGTGACACTGAACCTGTCTTTTAGGGAACTTTGAGAGTTTGAGCTTCCATCATAATAGATGGTCCAAATCCATTCAAGTGCTTTTCCTACAGGCTGACGGATCCAGCCTATTCCATAGACGTTGCTGCTATCAGTCAGAGAATAACCAGAGACCTTACAGGTGATGCTCAAAGACTCTCCAGGCTTTACATCCAATGAGCTTGGTTGGGTGAGCTCAAGAC,False,False
Omyk_Chr12_NC_035088.1_IGHV24P_81402044_81401727,GTGCACTGTGGTCTTGAGCTCACCCAACCAAGCTCATTGGATGTAAAGCCTGGAGAGTCTTTGAGCATCACCTGTAAGGTCTCTGGTTATTCTCTGACTGATAGCAGCAACGTCTATGGAATAGGCTGGATCCGTCAGCCTGTAGGAAAAGCACTTGAATGGATTTGGACCATCTATTATGATGGAAGCTCAAACTCTCAAAGTTCCCTAAAAGACAGGTTCAGTGTCACAAGAGACACTTCCAGCAACACAGTGTTTTTAAAAGGACAGAATCTGCAGACTGAAGACACAGCTGTGTATTATTGTGCTCGGTAGC,False,False
Omyk_Chr12_NC_035088.1_IGHV25P_81421382_81421689,TGTATGGTCAGAGTCTGGAGGCCATTCCCTCCAGTCTAGTCCTGAAAAAGCCTGGAGAACCTCTCAGCCTCTCCAGTAAGGGATCTGGCTTTACATTTAGTAGCTACAACATTGGCCTGGATACGTCAACCTGTAGGAAGAGCACTTGAATGGATAGGCATTACATGGAGTGATGCTAGTGGAACTGCATATGCAACAAGTGTTGGACGGATAGAAGTCACCAGAGAGAATTCTAACAGCATGGTGTATCTGAAGCTGTCTGTTCTGAGAACAGAGGACTCTGCTGTGCATTACTGTGCAAGAGAGA,False,False
Omyk_Chr12_NC_035088.1_IGHV26_81422492_81422803,CTACATGGTCAGAGTATGGAGTCCATTCCCTCTAGTCCAGTCATGAAAAAGCCTGGAGAAACTCTCAATCTCTCCTGTAAAGGATCTGGGTATACTTTTGGAAACCATGCCGTGCACTGGGTACGACAACCAAAAGGAAAAGGACTAGAGTGGATAGGACGTGTGAGAACAGATACTGGTGAAGCAACGTATGCCAACAGCGTTAGTGGACGCCTTGAAATAACTAAGGACAATGCCCAAAGCATGTCATTCCTGAAGCTGTCTGGTGTGAGAGCAGAGGACTCTGCTGTGTATTACTGTGCACGTCAGA,False,False
Omyk_Chr12_NC_035088.1_IGHV27P_81430263_81430605,GTCATTTTTATTGATCTCTGATAATAAGTTTGTCAGTATCAAAGTAGCCAGCTATTTTGATCATTTGTGTGGTATTAACAAAGATTCTGNNNNNNNNNNGAAACTCTCAACCTATCTTGCAGAGGAACTGGGTATACCTTTACAAGCTCTGGTATGATCTGGATTCACCAACCTACAGGGAAACCATTGGAATGGGTGGGCTGGATCAACACCAATACTGGAGCAGCAGGCTATGCCAAAACCATGGAGGGACAGATTGAACTGACCAAAGACAGCCCAGTGAGCATGACACATCTGAAACTGTCTGGTCTGAAGGCAGAGGACTCTGCTGTGTATTACTGGG,False,True
Omyk_Chr12_NC_035088.1_IGHV28P_81434530_81434810,GTTTAAATGGTCAGAGTCTAGAGTCCATTCCCTCCAATTCAGTCATGAAAAAGCCTGAAGAAACTCAGTCTCTCCTGTAAGGGATCTGGGTAAACCTTTAGTAGCTACAACACACATTGGGTAAGGCAACCTGCAGGGAAAGCATTGGAGTGGGTAGTTTACTCTGGATTAGGCTAGGTAACCATGCTAAAAGCTTTGATGGACGTATGGAAACGACTAAAGACTCTGAAGCTGTCTGGTCTGAGAGCAGAGGACTCTGCTGTGTATTACTGTGCATGAGA,False,False
Omyk_Chr12_NC_035088.1_IGHV29P_81435683_81435988,TTAAATGGCCAGAGTCTGGAGTCCATTCCCTCCAGTCCAGTCCTGAAAAAGCCTGGAGAAACTCTCAGTCTGTCCTGTAAGATATCTGGATACACTGTTAACAGCCACCACACACACTGGATACGACAGCCAGCAGGAAAATCTCTGGAGTGGATGGGTTATTCTGGATTAGGCCTAGGTTACCATGCTAAAACTTTTGAAGGACGCATGGAAACGACTAAAGATAACTCCAACAGCATGTTGACTCTGAAGCTGTCGGGTCTGAGAGCAGAGGACTCTGCTGTGTATTACTGTGCAAGAGAGA,True,False
Omyk_Chr12_NC_035088.1_IGHV30_81436861_81437166,TTAAATGGCCAGAGTCTGGAGTCCATTCCCTCCAGTCCAGTCCTGAAAAAGCCTGGAGAAACTCTCAGTCTGTCCTGTAAGATATCTGGATACACTGTTAACAGCCACCACACACACTGGATACGACAGCCAGCAGGAAAATCTCTGGAGTGGATGGGTTATTCTGGATTAGGCCTAGGTTACCATGCTAAAACTTTTGAAGGACGCATGGAAACGACTAAAGATAACTCCAACAGCATGTTGACTCTGAAGCTGTCGGGTCTGAGAGCAGAGGACTCTGCTGTGTATTACTGTGCAAGAGAGA,True,False
Omyk_Chr12_NC_035088.1_IGHV31_81438847_81439169,GACTGTAGTAACACTTGTTTCACTGAGACACAGTGCCTTAGACCACTGCGCCACACGGGAGCCCTGGAGAAACCAGGAGAAACTCTCAACCTATCTTGCAGAGGAACTGGGTATACCTTTACAAGCTCTGGTATGATCTGGATTCACCAACCTACAGGGAAACCATTGGAATGGGTGGGCTGGATCAACACCAATACTGGAGCAGCAGGCTATGCCAAAACCATGGAGGGACAGATTGAACTGACCAAAGACAGCCCAGTGAGCATGACACATCTGAAACTGTCTGGTCTGAAGGCAGAGGACTCTGCTGTGTATTACTGGG,False,False
Omyk_Chr12_NC_035088.1_IGHV32P_81447972_81448244,GTTCATGGTTAGACACAATTCTCTCTAATGCCTGGAGAATAACACAAACTGACCTATACAGCCTCTGGGTTCACATTCATAGCTACTACACGGCTGGGATCAGACTGGGAAAGGATTGTTTTTATTAGCACATCTATTAGTCCAATCTCTTCCTCCCAGTCAGTTCAGGGTAGATTCACCCTCTCCAGAGATGACTCCAGCAGTAAACTGTACCTACAGATGAACAGCATGAAGAGTGAGGACACAGCAGTGTATTACTGTGCTAGAGAGT,False,False
Omyk_Chr12_NC_035088.1_IGHV33P_81448773_81449068,GTACAGAATTATGAACTCAATCAGCCAGCCTCTATGACTGTCCAGCCAGGTCAACCACTGACCATCCCATGTAAGATCTCATATTCTGTTATTAGCTATTATACAGCTTGGACTTGACAGCCTGCAGGGAAAGGACTGGAGTGGATTGGAAATGTATATTCTGGAGACACATAATACAATAATTTACTGAAGAACAAGTTCAGCCTCTCAGTAGACTCCAGCAGTAATACTGTGTTTTTAAAAAGGAGCAACTTCCAGACTGAAGACACAGTTGTGCATTATTGTGCCTACACT,False,False
Omyk_Chr12_NC_035088.1_IGHV34P_81453306_81453632,TCAATCTTACTTGTTGTCACATGAACAAGTATCTAACATTCCAACTCCTGCCCTGTCTAGTCAAGCTTTCTTGTTGTCCTACATCATTTGCTACTGATTATACGATTGTCACTTTGTTTTTACTTTCAACAGATGGTCGTGTGTAAGCTTTTCTTCAAGTTTGAAATACTCTATACTATCCATGACAGCAGAAGCACCTACTACCCACAGTCTGGTCAGGGTCGGTTTATCATCTCCATCTCCAGATACAATAGCACGAAACAGGTGTATCTCTAGATGAACAGTCTGAAGACTGAAGACTCTGCTGTTTAATATTGTGCCAGAGA,False,False
Omyk_Chr12_NC_035088.1_IGHV35_81464500_81464820,GTATGGTGCGGTGGTCTTGAACTCAGCCAGCCAAGTTTATTGGTTGTAAAGCCTGGAGAGTCTCTGAGCATCACCTGTAAGGTCTCTGGGTATTCTGTTAGTGATAGCAGCATAAGCTTTGCCACAGGTCGGGTTCGAAAGCCTGCAGGGAAAGCAATAGAGTGGATTTCCCATATATGGGATGATGGAGATATCTACAAAACTGATTCACTGAAAAACATGTTCAGCATTTCAAGAGATGCCTCCTGTAACTCTGTGTCTTTTAAAAGCCAGAGCCTGCAACAAGACACAGCTGTGTATTACTGTGTTCGCTACCCAC,True,False
Omyk_Chr12_NC_035088.1_IGHV36_81465762_81466082,GTATGGTGCGGTGGTCTTGAACTCAGCCAGCCAAGTTTATTGGTTGTAAAGCCTGGAGAGTCTCTGAGCATCACCTGTAAGGTCTCTGGGTATTCTGTTAGTGATAGCAGCATAAGCTTTGCCACAGGTCGGGTTCGAAAGCCTGCAGGGAAAGCAATAGAGTGGATTTCCCATATATGGGATGATGGAGATATCTACAAAACTGATTCACTGAAAAACATGTTCAGCATTTCAAGAGATGCCTCCTGTAACTCTGTGTCTTTTAAAAGCCAGAGCCTGCAACAAGACACAGCTGTGTATTACTGTGTTCGCTACCCAC,True,False
Omyk_Chr12_NC_035088.1_IGHV37_81466761_81467069,GTTTGCTGTGATGAGATGGATCAGTCACCTTCTCAGGTGAAAAGACCTGGAGACACGTTTAAATTGTCATGTAAAATCTCTGGGTTTGATATGACAGACTATTTCATGCACTGGATAAGACAGAAACCAGGCAAAGCTCTGGAGTGGATTGGGAGAATTAACTCTGGTTCAAGAAATGCTCCAGTCTACTCAGACTCCCTGAAAGGCCAGTTCACCCTTACTGAGGACATCTCTACAAGCACACAGTTCTTAGAGGCCAAGAGTCTGAGTTCAGAGGACTCTGCTGTTTATTATTGTGCTCGAGAGA,False,False
Omyk_Chr12_NC_035088.1_IGHV38P_81467316_81467588,TGTTCAGGGTCAGACACTGACTGAGTCTGGACCACACACCTGTACAGCCTCTGATTTAGACATGAATAGCTACTGGGTGGCTTGGATCAGACAGGCTCCTGGGAAAGGACTGGGGTGGGTGCAACTATTACCCATGACAGCAGAAGCCCTTTCTACTCCTAGTCAGTACAGAGTCGGTTCACCATCTCCAGAGACAACAGCAAGCAGCAGGTGTATCTCCAGATGAACAGCTTGAAGACTGAAGACTGTGCTGTTTATTATTGTGCCAGAGA,False,False
Omyk_Chr12_NC_035088.1_IGHV39P_81481949_81482241,GTTTAAATGGTCAGAGTATGGAGTTCATTTCCTCAAGTCCTACAGAAAAAGCCTGGAGAAACTCTTAGCCTCTCTTGTAAGGGATCTGGGTACACACAATGTGGAAACTATGGTATGAGCTGGATACGACAACCTGCAGGACACTCACTGGAATGGATTGGGTATACTGGTACATACACAAAGAGTGTTGAAGGGCGGATCGAGATTACCCGAGATAATACCATCTGCATGGTGTATCTGAAGCTGTCTGGTCTGAGAACAGAGGACTCTGCTGTTTATTACTGTGCAAGAGA,False,False
Omyk_Chr12_NC_035088.1_IGHV40_81493829_81494124,GTACAGAGTTATGAACTCTCTCAGCCAGCATCTATGACTGTCCTGCCAGGTCAACCACTGACCATCTCCTGTAAGGTCTCATATTCAGTTACTAACACTTGGACATCTTGGATCCGAAAGCCTGCAGGGAAAACACTGGAGTGGATTGGAAATGTATATTCTGGAGACACACAATACAAGGATTCGCTGAAGAACAAGTTCAGCCTCTCAGTAGACTCTAGCAGTAATACTGTGTTTTTAAAAGGGCAGAACCTTCAGACTGAAGACTCAGCTGTGTATTATTGTGCCTACCCT,False,False
Omyk_Chr12_NC_035088.1_IGHV41P_81511235_81511555,TTTTTAGTCAGGTATTATCTCTATGTTGCTTCATCTCCACAGGTGTTCATGGTCAGACACTGAATCTGTAGTTATAAAACCTGGAGAATCACACAAACTGACCTGCACGTATACTGAATTATGTGGCCACATTTGGAATTCTTGGATCAGAAAGGCTCCTGTGAAAGAACTAGAATGAGTTGCAGCTATTACCAGCAGTGATGGTGGCAGTCAGTTCAGGGTCGGTTCACCATCTCCAGAGACAACTGCAAGCAGCAGGTGTATCTCCAGATGAACAGTCTGAAGACTGAAGACTCTGCTGTGTATTATTGTTGCAGAGA,False,False
Omyk_Chr12_NC_035088.1_IGHV42P_81514353_81514683,ACAATATTATGTGTCAACTAAAATGGATGTACCATCATGGGTTAGACACTGACGGAGTCTGAATCAGTGGTTAAAAAGCATGGAGAATCCCACAAACTGACCTGTACATATTCTGGGTTTGGTGGCAACTATTGGAATGCTTGGATCAGACAGGCTCCTGGGAAAGGACTGGAGTGGGTTGCAACTATCAGTGATGGTGGCAGCACTTACTACCCCCAGTCTGTTCAGGGTCGGGTCACCATCTCCAGAGACAACAGCAAGCAGCAGGTGTATCTCCAGATGAACAGTCTGAAGACTGAAGACTCTGCTGTTTATTATTGTGCCAGAGA,False,False
Omyk_Chr12_NC_035088.1_IGHV43P_81516973_81517272,GTTTGTTGTAACATCAGGCAGGATCAGTCTCCTCCTCAAGTGAAAAGACCTGGAGACACTGTTAAATTGTCCTGTAAAATCTCTGCTTTCTCAATGAGTGGCTACTGGATACATTGGATGAGGCAGAAGTGAGGCAAAGCCCTGGAGTGGATCAGGAGAATGAATAGCAATTCTACAATCTACACAAACTCCCTGAAAGGAGTGTTTGTCCTGACTGAGGACGTCTCAACAAGCACACAGTTTTTAGAGGCCAAGAGTCTGAGAGCAGACACTGCTGTTTATTATTGTGCTCGAGAGA,False,False
Omyk_Chr12_NC_035088.1_IGHV44p_81519248_81519565,GTGCACTGTGGTCTTGAGCTCACCCAACCAAGCTCATTGGATGTAAAGCCTGGAGAGTCTTTGAGCATCACCTGTAAGGTCTCTGGTTATTCTCTGACTGATAGCAGCAACGTCTATGGAATAGGCTGGATCCGTCAGCCTGTAGGAAAAGCACTTGAATGGATTTGGACCATCTATTATGATGGAAGCTCAAGCTCTCAAAGTTCCCTAAAAGACAGGTTCAGTGTCACAAGAGACACTTCCAGTAATACTGTGTTTTTAACAGGACAGAATCTGCAGACTGAAGACACAGCTGTGTATTATTGTGCTCGGTAGC,False,False
Omyk_Chr12_NC_035088.1_IGHV45_81529173_81529478,GTTTATGGTCAGACACTGACTGAGTCTGGACCAGTGGTTAAAAAGCCTGGAGAATCACACAAACTGACCTGTACAGCCTCTGGGTTCACATTCAGTAGCTATGTGATGAACTGGGTCAGACAGGCTCCTGGGAAAGGATTAGAGTGGATTGCTTATATCAGCACAGCTAGTACACCCATATATTACTCCCAGTCAGTCCAGGGTAGATTCACCATCTCTAGAGATGACTCCAGTAGTAAGCTGTACCTACAGATGAACAGTCTGAAGAGTGAAGACACAGCGGTGTATTACTGTGCCCGGTACA,False,False
Omyk_Chr12_NC_035088.1_IGHV46P_81548116_81548425,GGGTGTATGGTCAGAGTCTGGAGGCCATTCCCTCCAGTCCAGTCCTGAAAAAGCCTGGAGAACCTCTCAGCCTCTCCTGTAAGGGATCTGGCTTTACATTTAGTAGCTACAACATTGGCCTGGATGCGTCAACCTGTAGGAATAGCACTTGAATTGATAGGCATTACATGGAGTGATGCTAGTGGAACTGCATATGCAACAAGTGTTGGACGGATAGAAGTCACCAGAGAGAATTCTAACAGCATGGTTTATCTGAAGCTGTCTGTTCTGAGAACAGAGGACTCTGTTGTGTATTACTGTGCAAGACAGA,False,False
Omyk_Chr12_NC_035088.1_IGHV47P_81550863_81551152,GATTAAATGATCAGTTATTTATTATTACATTTTTCCCTCCAGTCCAGTCCAGAAACAGCCTGGAGAAACTCTGTCTCTCCTGTAAGGAATCTGGATTTACATTTAGTAACTATTATGGATAAGAGAACCATCAGGAAAATCACTGGAATGGATGGGGTATGCAGGGGCAAGTACATTTGCAAAATGTGTTGAAGGACGTGTAGAAATTAGGAAAATTCCAACATTTTCATGAATCTTAAGCTCTCTGGTCTGAAAGCAGAGGACTCTGTTGTGTATTACTGTGCAAGAGA,False,False
Omyk_Chr12_NC_035088.1_IGHV48P_81558855_81559137,GTTTAAATGGTATGGAGTCCATTCCCTCCAGTCCACTCCAGAAAAAGCCTGGAGAAACTCTTAACCTCTCCAGCAGAGGAACTGGGTATACCTTTGCAAGCTCTGGTATGAACTGGATACAGGAACCCATTGGAATGGATGGGCTGGAACAACAATACTGGAGCAGCAGGCTATGCCAAAGCCCTGGAGGGACAGATTAAACTGACCAAAGACAGCTCAGTGAGCATGACACATCTGAAACTGTCTGGTCTGAAGGCAGAGGACTCCGCTGTGTATTGCTGGG,False,False
Omyk_Chr12_NC_035088.1_IGHV49P_81560796_81561107,GGATAAGTAACAGTTTTAGAAACTTCAGAGTGTTTTCTATCCAAATCTACTAATAATATGCATGTATTAGCTTCTGGGCCTGAGTAGCAGGCAGTTTACTCTGGGCACGCTTTTCATCCGAATATGAAAATACTGCCCCCTATCCCAAACAGGTTATGGGTTGGGAACATCTATCAAGATGTAGGCACAGTTTACAAAGATTCACTTAAACACAAGTTCAGCTTGACCAGAGACACTTTAAGATGCACAGTGACTTTAATAGGACAGAGTCTGCAGACTGAAGACACAGCTGTCTATTACTGTTCGCGTTAC,False,False
Omyk_Chr12_NC_035088.1_IGHV50_81561752_81562063,GTGTTCTGTCAGACTAAACTCATACAGCCAGGCTCTTTGACTCTGCAGCCTGGACAGCCTCTGACCCTCTCCTGTAAGGTATCTGGGTATTCTTTAACCAGTAGCAGCTACTGTACAGGTGTGAATCGCCAACCTACAGGAAAAGCACTGGAGTGGATTGGATACATTTGTTACAATGGTAACACATATGACAGTGATAAACTGAAAAACAAGTTCAGTATTTCCAGAGATACTTCCAGCAGCACAGTAACTTTAACAGGACAGAGTCTGCAGACTGAAGACACAGCTGTGTATTATTGTGCTCGCTACC,False,False
Omyk_Chr12_NC_035088.1_IGHV51P_81567432_81567712,GTTTAAATGGTCAGAGTCTAGAGTCCATTCCCTCCAATTCAGTCATGAAAAAGCCTGAAGAAACTCAGTCTCTCCTGTAAGGGATCTGGGTAAACCTTTAGTAGCTACAACACACATTGGGTAAGACAACCTGCAGGGAAAGCATTGGAGTGGGTAGTTTACTCTGGATTAGGCTAGGTAACCATGCTAAAAGCTTTGATGGACGTATGGAAACGACTAAAGACTCTGAAGCTGTCTGGTCTGAGAGCAGAGGACTCTGCTGTGTATTACTGTGCATGAGA,False,False
Omyk_Chr12_NC_035088.1_IGHV52_81568866_81569171,TTAAATGGACAGAGTCTGGAATCCAGTCCCTCCAGTTCAGTCCTGAAAAGGCTTGGAGAGACTTTCAGTCTCTCCTGTAAGATATCTGGATTCAACTTTAACAGCCACAACACACACTGGATACGACAGCCAGCAGGAAAATCCCTGGAGTGGATGGGTTATTCTGGATTAGGCCTAGGTAACCATGCTAAAACTTTTGAAGGACGCATGGAAACGACTAAAGATAATTCCAACAGCATGATGACTCTGAAGCTGTCAGGTCTGAGAACAGAGGACTCTGCTGTGTATTACTGTGCAAGAGAGA,False,False
Omyk_Chr12_NC_035088.1_IGHV53P_81594924_81595202,TGTTCACTGTGAAGAACTCACTCAGCCAGCATCTATGACTGTCCAGCCAGGTCAACCACTGACCATCTCCTGTAAGGTCTCATATTCTGTTACTAGCTATTGGACAGCTTGGATCCGACAACCTGCAAGGAAAGGACTGGAGTGGACTGGGCAATATTATACTGGAAACACAGTCTACAAGGATTCACTAAAAACAAGTTCAGCCTCAATTTAGACTCATCTTTAACAGGACAGAACCTGCAGACTAAAGACACAGCTGTGTATTATTGTGCCAGAGA,False,False
Omyk_Chr12_NC_035088.1_IGHV54_81595836_81596138,GTCTACTGTGATATTGAACTCATCCAGTCTGGTCCAGTGGTTATAGAACCAGGAGTGTCTTTCAGCATCTCCTGCAAATTCTCTGGGTTTTCTATATCTTCTTATTGTCTTGGATGGATACGACAAGCTGAAGGGAAAGCTTTGGAGCATGTTGGTGTTACATGCAGTAGTAGTACTTACACTGTAGACTCACTAAAGAGCAAGATCACTTCTAGATATGACAGTTCCAGCAGTACAGTGTTTCTACAAGGGAACAACTTCCAGACTGAAGACACAGCTGTGTATTATTGTGCTCGGAGGA,False,False
Omyk_Chr12_NC_035088.1_IGHV55P_81598873_81599174,CGTTTATGGTCAGACATTTACTGAGTCTGGACCAGTAGTTGAAAAGCCTGGAGAATCCCACCAACTGACCTGTACAGCCTCTGGGTTCACATTCAGTAGCTACTACATGGCTTGGATCAGACAGGCTCTTGGGAAAGGACTGAAGTGGGCTGCTTATATACATCTAGTAATCCAATCTCTTACTCCCAGTCAGTCCAGGGTAGATTCACCATCTCCAGAGATGACTCCAGCAGTAAGCTGTACCTACAGATGAACAGCCTGAAGAGTGAGAACACAGCAGTGTATTACTGTGCTAGAGAGT,False,False
Omyk_Chr12_NC_035088.1_IGHV56_81605108_81605419,GTTTGTTGTGATATCAGACTGGATCAGTCACCTTCTCAGGTGAAAATACCTGGACACTCTGTTAAAGTGTCCTGTATAATCTCTGGTTATTCAATGACTAGCTATGACATTCACTGGATAAGGCAGAAACCAGGGAAAGGACTTGAGTGGATTGGAAGAATGAACACTGGTTCAGGAACAGATGTTATCTATGCAGACTCCCTGAAAGGCCAGTTCTATCTGACTGAGGACGTCTCTACAAGCACACAGTTCTTAGAGGCCAAGAGTCTGAGTTCAGAGGACTCTGCTGTTTATTATTGTGCTCGACAGG,False,False
Omyk_Chr12_NC_035088.1_IGHV57_81618381_81618689,GTTTGCTGTGATGAGATGGATCAGTCACCTTCTCAGGTGAAAAGACCTGGAGACACGTTTAAATTGTCATGTAAAATCTCTGGGTTTGATATGACAGACTATTTCATGCACTGGATAAGACAGAAACCAGGCAAAGCTCTGGAGTGGATTGGGGGTATTTACTCTGGTTCAACAGATGCTCCAGTCTACTCAGACTCCCTGAAAGGCCAGTTCATCCTTACTGAGGACATCTCTACAAGCACACAGTTCTTAGAGGCCAAGAGTCTGAGTTCAGAGGACTCTGCTGTTTATTATTGTGCTCGAGAGA,False,False
Omyk_Chr12_NC_035088.1_IGHV58P_81618939_81619217,TGTTCAGGGTCAGACACTGACTGAGTCTGGACCACACATACTGACCTGTACAGCCTCTGATTTAGACATGAATAGCTACTGGGTGGCTTGGATCAGACAGGCTCCTGGGAAAGGACTGGGGTGGGTGCAACTATTACCCATGACAGCAGAAGCCCTTTCTACTCCTAGTCAGTACAGAGTCGGTTCACCATCTCCAGAGACAATAGCAAGCAACAGGTGTATCTCCAGATGAACAGCTTGAAGACTGAAGACTCTGCTGTTTATTATTGTGCCAGAGA,False,False
Omyk_Chr12_NC_035088.1_IGHV59P_81628800_81629081,CCCCCATAGATTCAACAGGTTAAAAAGAGAATCACACAAACTGACCTGTACAGCCTCTGGCTTCACATTCAGAATATATAGGATGGGTTGGATCAGACAGGCTCCTGGGAAACGACTGGAGTGGGTTGCTTATATTAGCACACAGAGTAATCCAATCTCTTACTCCTGTCAGTCCAGGGTAGATTGACCATCTCCAGAGATGACGCCAGCAGTAAACTGTACCTACAGATGAACAGCCTGAAGAGTGAAGACACAGCAGTGTATTACTGTGCTAGAGAGT,False,False
Omyk_Chr12_NC_035088.1_IGHV60P_81629835_81630118,TCGTACTCACACAGGCTGAACAGTCAGTCCAGGGGACCCCCAAGGGGTCCTTAAACTCACATGTGCCTGTAGTGGATTTACTCTAAGCAGTACTTGAATGCACTGGATCCACCAGGCACCTGGAAAAGGACTTGAATGGATCATTTACTGTCATGCTGACGGGAATAAGAGCAATGCCCCGGTAGTACAGGGCCGATTCACTGCATCGAAGGACAGCACTAATTTCTTTCTGCACATGAGCCAGTTGAAGCCAGAGGACAAGTGTATTACTGTGCTAGAGACT,False,False
Omyk_Chr12_NC_035088.1_IGHV61P_81630920_81631246,TAACATGTAGCTATTTAATATAGCTAATTATTTTATTTCCCAGGTGTACAGAGTTATGAACTCTCTCAGCCAGTCTCTATGACTGCCCAGCCAGGTCAACCACTCCTGTAAGGTCTCAAATTGAGTTACGAACACTTGGACATCTTGGATCCGACAGCCTGCAGGGAAAACACTGGAGTGGATTGGAAATGTATATTCTGGAGACACAGAATACAAGGATTCACTGAACAAGTTCAGCCTCTCAGTAGACTCTGGCACTAATACTGTGTTTTTAAAGGGCAGAACCTTCAGACTGAAGACTCAGCTGTGTATTATTGTGCCTACC,False,False
Omyk_Chr12_NC_035088.1_IGHV62P_81637541_81637838,TGTAAACAGCTAGGAACTCACTCAGCCAGCCTCTATGACTGTCCAGCCAGGTCAACCACTGACCATCTCCTGTAAGGTCTCATATTCAGTAGTAGCTTGCATACAGCTTGGATTCGACAGCCTGCAGGGAAAACACTGGAGTGGATTGGATTTATTAATAGTGGTGGAAGCACAAATAATAAAGATTCACTGAAAAACAAGTTCCACATCACCAGAGACACTTCCAGCAACACATTGTTTTTAGAAGGACAGAGTCTGCAGACTGAAGACACAGCTGTGTATTATTATGCTCGCCTC,False,False
Omyk_Chr12_NC_035088.1_IGHV63_81649810_81650108,GTTCAGCGTCAGACACTGACTGAGTCTGGACCATTGGTTAAAAATTCTCAGGATTCCCACAAACTGACCTGTACATGTAGCGGGTTTGGTGGAAACATTTATGCAGCTTGGATCAGACAGGCTCCTGGGAAAGGACTGGAGTGGGTGTCCTATATTAGCAGTTATAGTGGCAGCACGTACTACTCCCAGTCTGTTCAGGGTCGGTTCACCATCTCCAGAGACAACAGCAAGCAGCAGGTGTATCTCCAGATGAACAGACTGAAGACTGAAGACTCTGCTGTTTATTGTTGTGCCAGA,False,False
Omyk_Chr12_NC_035088.1_IGHV64_81653372_81653678,GTTAACAGTCAGACATTGACCGAGTCTGGACCAGTAGTTAAAAATCCTGGGGAAACACACAAACTGACCTGTACTTATGATGGAATGTCAAACAATAATGCTCATATTAGCTGGATAAGACAGGCTCCTGGGAAAGGGCTGGAGTGGGTTTGTCATATTTCTGCACCAAGTGGAGCTGACAAATACTACTCCAAGTCAGTTCAAGGTCGGTTCACCATCTCCAGAGACAACAGCAAGCAGCAGGTGTATCTCCAGATGAATAACCTGAAGACTGAAGACTCTGCTGTGTATTATTGTGCCAGAGA,False,False
Omyk_Chr12_NC_035088.1_IGHV65_81661001_81661301,GTTCAGAGTCAAACACTGACTGAGTCTGGACCAGTGGTTAAAAAGCCTTTAGAAGCCCACAAACTGACCTGTACAGCCTCTAATTTAGACATAAATGGCTATTGGATTGCATGGATCAAACAGGCTCCTGGTAAAGGACTAGAATTTGTGGCAGCGCATTATAACATTAGAAATATTGCCTACTCCCAGTCTGTTCAGGGTCGGTTCACCATCTCCAGAGACAACAGCATGAAGCAGGTGTATCTCCAGATGAACAGCCTGAAGACTGAAGACTCTGCTGTTTATTATTGTGCCAGAGA,False,False
Omyk_Chr12_NC_035088.1_IGHV66P_81671030_81671329,TTTTCAGTGCCAAACACTGACTGAGTCTGAACCAGTTGCTAAAACGTCTGGAGAATCCCACACTGACCTGTACATATTCTGGAATCTCAACGAGCTCTGACTAACTGGATCAGAAAGGCTTCTGGTAAAGGGTTGGAATGGATAGCTTGTATTTCTGGTCCAAGTGGTAGTACTATCCACTACTCCCAGTCAGTTCAGGGACGGTTCACCATCTCCAGAGACAACAGCAAGCAGCAGGTGTATCTCCAGATGAAAAGCCTGAAGACTGAAGACTCTGCTGTTTATTATTGTGCTAGAGA,False,False
Omyk_Chr12_NC_035088.1_IGHV67P_81674597_81674901,TGTTGTTGTGATATCAGACTGGATCAGTCACATTCTCATGTGTAAAGACGAGGAGATACTTTTAAATTGTCATGTAAAATCTCTGAGTTTACAATGGCAAGGTTCTTCATGCACTGCATGAGGCAGAAACCAGGCAAAACTCTGAAGTGGATTGGGAGCGTTGACTCTGGTTAAACAGATGTTCCAGACTACTCATACTAAGGATAGTTCACCCTGAATGAGGACGTGTCCAAAAGCACACAGCGCTTTGAGGCCAAGAGTCTGAGATCAGAGGACTCTGCTGTTTATTATTGTGTTTGACAGA,False,False
Omyk_Chr12_NC_035088.1_IGHV68_81675466_81675769,GTTCAGGGTCAGAGGCTGATTCAGTCTGGACCAGTAGTTAAAAAGCCAGAAGAACCACACAAACTGACCTGTACAGCCTCGGATTTAGACATGAATAGCTACTGGATGGCTTGGATCAGACAGGCTCCTGGGAAAGGACTGGAGTGGGTTGCAACTATTACCCATAACAGCAGAAGCACTTTCTACCCCCAGTCTGTTCAAGGTCGGTTCATCATCTCCAGAGACAACAGCATAAAACAGGTGTATCTCCAGATGAACAGCCTGAAGACTGAAGACTCTGCTGTTTATTATTGTGCCAGAGA,False,False
Omyk_Chr12_NC_035088.1_IGHV69_81696523_81696828,TTAAATGGTCAGAGTCTGGAGTCCATTCCCTCCAGTCCAGTCCTGAAAAAGCCTGGAGAAACTCTCAGTCTGTCCTGTAAGATATCTGGATACACTGTTGACAGCCACAGCACACACTGGATACAACAGCCAGCTGGAAAATCTCTGGAGTGGATGGGTTATTCTGGATTAGGCCTAGGTTACCATGCTAAAACTTTTGAAGGACGTATGGAAACCACTAAAGATAACTCCAACAGCATGTTGACTCTGAAGCTGTCTGGTCTGAGAGCAGAGGACTCTGCAGCGTATTACTGTGCAAGAGAGA,False,False
Omyk_Chr12_NC_035088.1_IGHV70P_81699366_81699678,TTGTATTATTATTCCTTATGTCCTTTCAACAGGTGTACAGAGTTATGAACTCAGCCAGTCTCTGACTGTCCAGCCAGGCAACCACTGACCATCTACTGTAAGGTCTCATATTAAGTTACTAGCTTGTATACAACAGACTGCAGGGAAAATACTGCAGTGGATTGGACAGTAGTAGTTAGTAGTGGTGGAAGCACACAAAGACAGTCTGAAAAACAAGCCCAGCATCACCAGAGACACTTCCAGCAACACATTATTTTAACAGGACAGAGTCTGCAGACTGAAGAAACAGCTGTGTATTATTGTGTTTGATGAC,False,False
Omyk_Chr12_NC_035088.1_IGHV71_81700731_81701033,GTCTACTGTGATATTGAACTCATCCAGTCTGGTCCAGTGGTTATAGAACCAGGAGTGTCTTTCAGCATCTCCTGCAAATTCTCTGGGTTTTCTATATCTTCTTACTGTCCTCACTGGATACGACAAACTGAAGGCAAAGCGTTGGAGTATGTTGGTTATACATGCAGTAGTAGTACTTACACTGTAGACTCACTAAAGAGCAAGATCACTTCTAGATATGACAGTTCCAGCAGTACAGTGTTTCTACAAGGGAACAACTTCCAGACTGAAGACACAGCTGTGTATTATTGTGCTCGGAGGA,False,False
Omyk_Chr12_NC_035088.1_IGHV72P_81704399_81704711,TTGTATTATTATTCCTTATGTCCTTTCAACAGGTGTACAGAGTTATGAACTCAGCCAGTCTCTGACTGTCCAGCCAGGCAACCACTGACCATCTCCTGTAAGGTCTCATATTAAGTTACTAGCTGGTATACAACAGACTGCAGAGAAAATACTGCAGTGGATTGGACAGTAGTAGTTAGTAGTGGTGGAAGCACACAAAGACAGTCTGAAAAACAAGCCCAGCATCACCAGAGACACTTCCAGCAACACATTATTTTAACAGGACAGAGTCTGCAGACTGAAGAAACAGCTGTGTATTATTGTGTTTGATGAC,False,False
Omyk_Chr12_NC_035088.1_IGHV73_81705764_81706066,GTCTACTGTGATATTGAACTCATCCAGTCTGGTCCAGTGGTTATAGAACCAGGAGTGTCTTTCAGCATCTCCTGCAAATTCTCTGGGTTTTCTATATCTTCTTATTGTCTTGGATGGATACGACAAGCTGAAGGGAAAGCTTTGGAGCATGTTGGTTATACATGCAGTAGTAGTACTTACACTGTAGACTCACTAAAGAGCAAGATCACTTCTAGATATGACAGTTCCAGCAGTACAGTGTTTCTACAAGGGAACAACTTCCAGACTAAAGACACAGCTGTGTATTATTGTGCCCGTGAGA,False,False
Omyk_Chr12_NC_035088.1_IGHV74P_81713243_81713531,GTTCATTCTGATGTTCTAACTCAGCCAGGTTCTATGGTTGTTAAGCCAGTGTCACTCACCCTCTCCTGTAGGATTTCAATAACAAGATATTGTCTTCACTGGATTCGACAGCCTGAAGGAAAATCATTGGAATGGATGGGATACAAATGCAGTAGTGGGGGCACTGAAACCAAAGACTTAGTAAAGAGCAAAACCAGCTTCACAGTTAACACCTCCAGCAATACGGTGTTTCTACAAGGGAAGAACTTTCAGACTGAAGACACAGCTGTTTATTAATATGCCCGAGA,False,False
Omyk_Chr12_NC_035088.1_IGHV75_81717198_81717494,GTACACTGTGAAGAACTCACTCAGCCAGCCTCTATGACTGTCCAGCCAGGTCAACCACTGACCATCTCCTGTAAGGTCTCATATTCTGTTGCTAGCTATTGGACAGCTTGGATCCGACAACCTGCAGGGAAAGGACTGGAGTGGATTGGGCAAATATATACTGGAAACACAATCTACAAGGATTCACTGAAAAACAAGTTCAGCCTCACTTTAGACTCCTCTAACAAGATAGTGACTTTAACAGGACAGAACCTGCAGACTGAAGACACAGCTGTGTATTATTGTGCCCGAGACT,False,False
Omyk_Chr12_NC_035088.1_IGHV76_81737673_81737973,GTTCAGAGTCAAACACTGACTGAGTCTGGACCAGTGGTTAAAAAGCCTTTAGAAGCCCACAAACTGACCTGTACAGCCTCTAATTTAGACATAAATGGCTATTGGATTGCATGGATCAAACAGGCTCCTGGTAAAGGACTAGAATTTGTGGCAGCGCATTATGACATTAGAAATATTGCCTACTCTCAGTCTTTTCAGGGTCGGTTCACCATCTCCAGAGACAACAGCATGAAGCAGGTGTATCTCCAGATGAACAGCCTGAAGACTGAAGACTCTGCTGTGTATTATTGTGCCAGAGA,False,False
Omyk_Chr12_NC_035088.1_IGHV77P_81745526_81745784,GTTCAGGGTCAGACAATGACTGAGTCTCAATCAGTGGTTAAAAAGTCTGAAGAATCCCACAAACTGACTTGCACATATGCTTGGTTTAGAAGCAGCTATTGGAATGCTTGGATCAGACAGGCTCCTGGGAAAGGTTGCTACCATTATTGGTCCCGGCAGTTACATCTACTACTCCCCGTCTTTTCAGGGTCGGTTCACCATCTACAGATGAACAGTCTGAAGACTGAAGACCTTGCTGTGTATTATTGTTGCAGAGA,False,False
Omyk_Chr12_NC_035088.1_IGHV78P_81746308_81746602,GTTCAGGGGCAGTCACTCACCTCGTCTGAGCCAGTGGTGAAGAAACCTAGAGAGTCAGTAACACTGTCCTGTGCTGTCTCTGGCCTTTCTCTAAGCTATCTGCATTGGATCCGTCAGAAACCAGGGAAAGGACTTGAGTGGATTGGGCGCATTGACGGTGGCACTGGCACTGTATTTGCCCAGTCTCTCCAGGGCCAGTTCACCATCACCAAAGACGGCTCAAAAAACCAGCTGTACTTAGAGGTGAAAAGCCTGAAGACTGAAGACTCTGCTGTTTATTATTGTGCTAGAGA,False,False
Omyk_Chr12_NC_035088.1_IGHV79P_81750741_81751044,GTATGGTCAGAGTCTGGAGGCCATTCCCTCCAGTCGTCCTGAAAAAGCCTGGAGAACCTCTCAGCCTCTCAGCCTCTCCTGTAAGGGACCTTTAGTAGCTACAATATGGCCTGGATATGTCAACCTGCAGGAAGAGCACTTGAATGGACAGGCATTATATGGAGTGATGCTAGTGGAACTGCATACGCAAAAAGTGTTGAAGGTCGGGTAGAAGTCACCAGAGAGAATTTTAACAGCATGGTGTATCTGAAGCTGTCTGGTCTGAGAGCAGAGGACTCTGCTGTGTATTACTGTGCAAGAGA,False,False
Omyk_Chr13_NC_035089.1_IGHV0P_48027352_48027666,TAAAATAGTCAAACAATGGAATCCATTCCCTCCAGTCCACTCCAGAAAAAGCCAGGAGAAACTCTCAACCTCTCTTGCAGAGGAACTGGGTATACCTTTACAAGCTATGGTATGAACTGGATCCGCCAACCTACAGGGAAACCATTGGAATGGATGGGCTGGATCAACACCAACACTGGAGCAGCAGGCTATGCCAAATCACTGGAGGGACAGATTGAACTGACCAAAGACAGCTCAGTGAGCATGACACATCTGAAACTGTCTGGTCTGAAGGCAGAGGACTCTGCTGTGTATTACTGTGCACGCTGGA,False,False
Omyk_Chr13_NC_035089.1_IGHV1_48030797_48031104,ATTTACTGTGACATCACATTAACCCAACCTGGTTCTATGGTTGTAAGTCCAGGAGAGTCTGTCACCATCCCCTGTAAGGTTGCTGGTTATTCTGTTACTAGCACTTGCACCAACTGGATTCGCCATTCTGAAGGAAAAGCTATGGAGTGGATTGGATACCTGTGTAGTAGTAGTAGCAGTGGCACAACAGACTCATTAAAGAGCAAAATCAGCTTCACTGTTGACTCCTCCAGCAGCACAGTGTTTCTACAAGGGAAGAATTTCCAGACTGAAGACACAGCTGTGTATTACTGTGCTCGCTACCCC,False,False
Omyk_Chr13_NC_035089.1_IGHV2_48034515_48034814,GTCCATGGTCAGATCGTACTCACACAGGCTGAGTCAGTCCAGGGGACTCCTGCAGGATCCCTCAAACTCACATGTGCCTGTAGTGGATTCACTCTAAGCAGCACTAATATGTTTTGGATCCGCCAGGCACCTGGAAAAGGACTTGAATGGATCATTTACTATTATTCTGACAGTGACAAGAGCAATGCCCCTGTAGTACAGGGTCGATTCACTGCATCAAAGGACAGCAGTAATTTCTATCTCCACATGAGCCAGTTGAAGCCAGAGGACTCTGCAGTGTATTACTGTGCTAGAGACT,False,False
Omyk_Chr13_NC_035089.1_IGHV3P_48046874_48047207,GATAGTCATCTAAACTCTGTCTGTTTTTCAGTTGTTCAGGGGCAGTCACTCACCTCCTCTGAGCCAGTAGTGAAGAGACCTAGTGAGTCAGTAACACTGTCCTGTGCTGTGTCTGGATTCTCCATGGCTAGCTACTGGACGCACTGGATCCGTCAGAAACCAGGGAAAGGTCTAGAGTGGATTGGGCTCATTGACAGTGGCACTGGCACTATATTTGCCCAATCTCTACAGGGTCAGTTCACCATCACCAAAGACAGCTCCAAAAACCAGCTGTACCTCGAGGTAAAAAGCCTGAAGACCAAAGACTCTGCTGTTTATTATTGTGCCAGAGA,False,False
Omyk_Chr13_NC_035089.1_IGHV4P_48048080_48048362,GTGTTTGTTGTGATGTCAGACTGGATCAGTCAAGGAGACTGTTAAATTATCATGTAAAACATCTGGGTTTACAACGACAGACTATTATATAAACTGGATAAGGCAGCAACCAGGAAAAAGACTAGAGTTGATTGGTATAATTATGGTTCAGGCTCTGCTACCTGCTCAGACTGCCTGAAAGGCTGGTTCACCCTGACTGAGGATGTCTCCATAAACACACAGTTCTTAGAGGCCAAGATTCTGAGAGCAGAGGACTCTGATGTTTATTATTGTGCTGGACAGA,False,False
Omyk_Chr13_NC_035089.1_IGHV5P_48051342_48051671,TTTTTAGTCCAGGTATTATCTCTATGTTGCTTTATCTCCACAGGTGTTCATGGTCAGACATTGACTCAGTCTGAATCTGTAGTTATAAAACCTGGAGAATCACACAAACTGACCTGCACGTATACTGAATTATGTGGCCACATTTGGAATTGTTGGATCAGCAAGGCTCCTGGGAAAGAACTAGAATGAGTTGCAGCTTTTACCAGCAGTGATGGTGGCAGTCAGTTCAGGGTCGGTTCACCATCTCCAGAGACAATAGCAAGCATCAGGTGTATCTCCAGATGAACAGCCTGAAGAATGAAGACTGCTGTTTATTTTTGTGCCAGAGA,False,False
Omyk_Chr13_NC_035089.1_IGHV6_48054181_48054484,GTTCAGGGTCAGACACTGACGGAGTCTGAATCAGTGGTTAAAAAGCCTGGAGAATCCCACAAACTGACCTGTACATATTCTGGGTTTGGTGGCAACAATTGGAATGCTTGGATCAGACAGGCTCCTGGGAAAGGACTGGAGTGGGTTTCAGCTATTACCAGCAGTGATGGTGGCAGCACTTACTACTCCCAGTCTGTTCAGGGTCAGTTCACCATCTCCAGAGACAACAGCAAGCAGCAGGTGTATCTCCAGATGAACAGCTTGAAGACTGAAGACTCTGCTGTTTATTATTGTGCCAGAGA,False,False
Omyk_Chr13_NC_035089.1_IGHV7P_48068027_48068332,GTTCATGGTCAGACACTGACTGAGTCTGGACCAGTAGTTAAAAAGCCTGGAGAATCACACAAACTGACCTGTACAGCATCTGAGTTCACATTCAGTAGCTATAGGATGGGTTAGATCAGACAGGCTCCTTGGAAAGGACTGGGGTGGGTTGCTTATATAGGCACATCTAGTAGTCCAATCTCTTCCTCCCAGTCAGTCCAGGGTAGATTCACTATCTCCAGAGATGACTCCAGCAGTAAGCTGTACTGACAGATGAACAGTCTGAAGAGTGAGGACACAGCAGTGTATTACTGTGCTAGAGAGT,False,False
Omyk_Chr13_NC_035089.1_IGHV8_48073234_48073536,GTCCACTGTCAGGTCGTACTCACACAGGCTGAACAGTCAGTCCAGGGGACTCCTGCAGGATCCCTCAAACTCACATGTGCCTGTAGTGGATTCACTCTAAGCAGCACTAATATGCACTGGATCCGCCAAGCACCTGGAAAAGGACTTGAATGGATCATTTACTATTATTCTGACAGTTACAAGAGCAATGCCCCTGTAGTACAGGGCCGATTCACTGCATCAAAGGACAGCAGTAATTTATATCTGCACATGAGCCAGTTGAAGCCAGAGGACTCTGCAGTGTATTACTGTGCTAGAGACT,False,False
Omyk_Chr13_NC_035089.1_IGHV9_48077115_48077414,GTTCAGGGTCAGACACTGACTGAGTCTGGACCAGTGGTTAAACATCCTGGAGAATCACACAAACTGACCTGTACAGGCTCTGGGTTCACATTCAGTAGCTATGGGATGAACTGGATCAGACAGGCTCCTGGGAAAGGACTGGAGTGGATTGCTTATAGTTATAGTACTACTGCTGACTACTCCCAGTCATTTCAGGGTAGATTCACCATCTCCAGAGATGGCTCCAGCAGTAAGCTGTACCTACAGATGAACAGTCTGAGGAGTGAGGACACAGCAGTATATTACTGTGCCCGGTACA,False,False
Omyk_Chr13_NC_035089.1_IGHV10P_48079966_48080277,GTGTATAGTCAGAGTCTGGAGGACATTCCCTCCAGTCCAGTCATGAAAAAGCCTGCAGAACCTCTCAGCCTCTCCTGTAAGGGATCTGGCTTTACCTTTAGTAGCTACAACATGGCCTGGATACGTCAACCTGAAGGAAGAACACTTGAATGGATAGGCATTATATGAAGTGATGCTGGTGGAACTGTATATACAAAAAGAGTTGAAGGACGGATAGAAGTCACCAGAGACAATTCTAACAGCATGTTGTATCTGAAGCTGTCTGGTCTGAGAGCAGAGGACTCAGCTGTGTATTACTGTGCAAGAGAGG,False,False
Omyk_Chr13_NC_035089.1_IGHV11_48082080_48082391,TTAAATGGTCAGAGTATGGAGTCCATTCCCTCTGGTCCAGTCCTGAAAAAGCCTGGAGATACTCTCAGCCTCTCCTGTAAGGGAGATGGCTTTACATTTAGTAGCTATGGCATGCACTGGATACGACAACCTGCAGAAAAAGCACTGGACTGGATGGGATTAATCTACTATGATGCCAGCAAAACGATCTATTCAAAAAATATTGAAGGACGTATAGAAGTCACCAGAGATAATTCTAACAGCGTGGTGTATCTGAAGCTCTCTGGTCTAAGAGCAGAGGACTCTGCTGTGTATTACTGTGCAAGACAGA,False,False
Omyk_Chr13_NC_035089.1_IGHV12_48093298_48093597,GTTCATAGTCAGATATTGACTGAGTCTGGACCAGTAGTTAAAAAGCCTGGAGAATCACACAAACTGACCTGTACAACCTCTGGGTTCACATTCAGTAGCTACTACATGGCTTGGATCAGACAGGCTCCTGGGAAAGGACTGGAGTGGATTGCTTCTAGTTATAGTACTGCTACATATTATTCCCAGTCAGTCCAGGGTAGATTTACCATCTCCAGAGATGACTCCAGAAGTAAGCTGTACCTACAGATGAACATTCTGAAGAGTGAGGACACAGCAGTGTATTACTGTGCTAGAGAGT,False,False
Omyk_CH13_NC_035089.1_IGHV13_48104897_48105217,GTTGTTCATTATTCTCTTTCAACAGGTGTACAGAGTTATGAACTCACACAGCCAGCCTCTCTGACTGTCCAGCCAGGTCAACCAATGACCATCTCCTGTAAGGTCTCATATTCAGTTACTGGCTATTATACAGCTTGGATCCGACAGCCTGTAGGGAAAACACTGGAGTGGATTGGAAATGTATATTCTGGAGACACACAATACAAGGATTCTCTGAAGAACAAGTTCAGCCTCTCAGTAGACTCTAGCAGTAATGTTGTGTTTTTAAAAGGGCAGAACCTTCAGACTGAAGACTCAGCTGTGTATTATTGTGCCTACCCT,False,False
Omyk_Chr13_NC_035089.1_IGHV14P_48108554_48108889,GTGATAGTCATCTAAACTCTTGTTTGTTTTTCAGCTGTTCAGGGGCAGTCACTCACCTCCTCTGAGTCAGTGGTGAAGAGACCTAGTGAGTCAGTAACAGTGTCCTGTACTGTGTCTGGTTTCTCTATGGGTAGCTACTACATGCACTGGATGCGTCAGAAACCAGGGAAAGAACTAGAGTGGATTGGGCAAATTGATGGGGGCACTGGCACTATATTTGTCCAGTCCATCCAGGGCCAATTCACCATCACTAAAGACAGCTTCAAAAACCAGCTGTACTGAAATGTGAAAAGCCTGAAGACTAAAGACTCTGCTGTTTATTATTGTGCCAGAGA,False,False
Omyk_Chr13_NC_035089.1_IGHV15_48109683_48109994,GTGCATTGTAGTGTTGAACACAACCAGCCAAACTCATTGAGTTTAAAGCCTGGAGAAACTTTGACTATCAGTTGTGCAATCTCAGGGTATTCTCTTACAGACAACAGCTATGCGGTAGCTTGGATCCGACAGTCTGCAGGGAAACCAATGGAATGCATTTTTTATATTTGGGGTGGTGGTAGTTTTTACCTTAACAATGCACTAAAAAACAAGTTCAGCTTTAGAAGAGACATGTCCAGCAGTACTTCAACTCTAATAGGACAGAACCTGCAGACTGAAGACACAGCTGTGTATTATTGTGCTCGACGAC,False,False
Omyk_Chr13_NC_035089.1_IGHV16_48122499_48122783,GTTCACTGCGAAGAACTCACTCAGCCAGCCTCTGTCCAGCTAGGTCAATCTCTGACCATCTCCTGTAAAAGTCTCATACTCTTTATCTATCTATTGGACAGCTTGGTTCTGACCACCTGCAGGGAAAGCGCTGGAGTGGAATGGGCAAATATACTGGAAACAGTCTACAATGATTCACAGAAAAACAAGTTCAGCCTCACTTTAGACTCTAACAAGATAATGACTATAACAGGGCAGAACCTGCAGACTAAAGACACAGCTGTGTATTATTGTGTCAGAGACT,False,False
Omyk_Chr13_NC_035089.1_IGHV17_48127168_48127466,GTACAGAGTTATGAACTCACTCAGCCAGCCTCTTTGACTGTCCAGCCAGGTCAACCACTGACCATCTCCTGTAAGGTCTCATATTCAGTTAGTAGCTACTACACGGCTTGGATTCGACAGCCTGCAGGGAAAACACTGGAGTGGATTGGATATATTAGTAGTGGTGGAGGCACAGCTTATAAAGATTCACTGAAAAACAAGTTCAGCATCACCAGAGACACGTCCAGCAACACATTGTTTTTAAAAGGACAGAGTCTGCAGACTGAAGACACAGCTGTGTATTATTGTGCTCGCCTC,False,False
Omyk_Chr13_NC_035089.1_IGHV18_48135329_481635631,GTCCACTGTCAGGTCGTACTCACACAGGCTGAACAGTCAGTCCAGGGGACTCCTGCAGGATCCCTCAAACTCACATGTGCCTGTAGTGGATTCACTCTAAGCAGCACTAATATGCACTGGATCCGCCAAGCACCTGGAAAAGGACTTGAATGGATCATTTACTATTATTCTGACAGTTACAAGAGCAATGCCCCTGTAGTACAGGGCCGATTCACTGCATCAAAGGACAGCAGTAATTTATATCTGCACATGAGCCAGTTGAAGCCAGAGGACTCTGCAGTGTATTACTGTGCTAGAGACT,True,False
Omyk_Chr13_NC_035089.1_IGHV19_NOCOMPLETE_48138071_48138427,GTCCACTGTCAGGTCGTACTCACACAGGCTGAACAGTCAGTCCAGGGGACTCCTGCAGGATCCCTCAAACTCACATGTGCCTGTAGTGGATTCACTCTAAGCAGCACTAATATGCACTGGATCCGCCAAGCACCTGGAAAAGGACTTGAATGGATCATTTACTATTATTCTGACAGTTACAAGAGCAATGCCCCTGTAGTACAGGGCCGATTCACTGCATCAAAGGACAGCAGTAATTTATATCTGCACATGAGCCAGTTGAAGCNNNNNNNNNNNNNNNNNNNNNNNNNNNNNNNNNNNNNNNNNNNNNNNNNNNNNNNNNNNNNNNNNNNNNNNNNNNNNNNNNNNNNNNNNN,False,True
Omyk_Chr13_NC_035089.1_IGHV20_48145742_48146047,TTAAATGGTCAGAGTCTGGAGTCCATTCCCTCCAATTCAGTCATGAAAAAGCCTGGAGAAACTCTCAGTCTCTCCTGTAAGGGATCTGGGTATACCTTTAGTAGCTACAACACACATTGGATTAGACAACCTGCTGGGAAAGCATTGGAATGGATGGGTTATTCTGGATTAGGCCTAGGCTACCATGCTAAAAGCTTTGAAGGACGTATGGAAACGACTAAAGATAATTCCAACAGCATGATGACTCTGAAGCTGTCTGGTCTGAGAGCAGAGGACTCTGCTGTGTATTACTGTGCACGAGACA,False,False
Omyk_Chr13_NC_035089.1_IGHV21P_48146928_48147231,TTAAATGGTCAGAGTCTGGATCCCAGTCCCTCCAGTTCAGTCCTGAAAAAGCTTGGATAAACTATAAGTCTCTCCTGTAAGATATCTGGATTCACCTTTGACAGCCACAACACACAATGGATAAGACAGCCAGCTGGAATATCCCTAGAATGGATGGGTTACTCTGGATTAGGCCTAGGCTACCATGCTAAAAGGTTTGAAGGACATATGGAAACGACAAAAGACAATTCCAACAGCATGATGACTCTGAAGCTGTCTGGTCTGAGAACAGAGGACTCTGCTGTGTATTACTGTGCAAGATA,False,False
Omyk_Chr13_NC_035089.1_IGHV22P_48147810_48148106,GTGTACAGAGTTATGAACTCACTCAGCCAGCCTCTATGACTGTACAGCCAGGTCAACCACTGACCATCTCCTGTAAGGTCTCTTCTTCTGTTGGTAGCTATTGGACAGCTTGGATCTGACAACCTGCAGGGAAAAGCATTGGAGTGGAATGGAAATGCATATTCTGGAGACACACAATACAAGGATTCACTGAACAACATGTCCGGCCTCTCAGTAGATTCTAGCAGTAATGTTGTATTTTTAAAAGGGCAGAACCTTCAGACTGATGACACAACTGTGTATTTTTGTGCCTACCCT,False,False
Omyk_Chr13_NC_035089.1_IGHV23_48148981_48149284,ATACACAGCATTAGTTTGACCTCCTCCCCTGCTCAACTCAAACCTCCTGGAGATTCAGTGAAACTATCTTGCCAAGTCTCTGGCTATGTCCTGACAGACTATGGCACAGGTTGGATACGACAGCAGCCAGGGAAAACACTGGAGTGGATTGGGATCATCTGGGGTGGTGGATCCATCAACTCTGGAGCCTCTTTTAAGAGCAGATTCACCATCTCCAGAGACAGTAGTAATGTACTGTACTTAGACATCAGCAGTCTGCAGGCTGAGGACACAGCTGTGTATTATTGTGCAAAAACTGGAGG,False,False
Omyk_Chr13_NC_035089.1_IGHV24P_48157816_48158168,GTGTGTTATGTCTTTCCAGTGTAGTAGACAGGAGGGGAGCTGTGCTACTTGGCTGGAGGGTCACAGTCATCTGTTTTTCAGCTGTTCAGGGGCAGTCACTCATCTCTTCTGACTCAGTGGTGAAGAAACCTGGAGAGTCAATAACACTGTCCTGTACTGTGTCTGGAATCTCCACTGGATCCGTCAGAAACCAGGGAAAGGACTTGAGTGGATTGGATACATTGACACTGGAACCACTGCTTATTATGCCCAGTCCCTCCAGGGCCAGTTCATCACCAAAGACAGCTCTAAAAACCAGCTGTACTTAGAGGTGAAAAGTCTGAAGCCTCTGCTGTTCATTCTTGTGCCAGAGA,False,False
Omyk_Chr13_NC_035089.1_IGHV25_48164983_48165317,GGTCATAGTAATCTAAACTCTGTCTGTTTTTCAGCTGTTCAGGGACAGTCACTCACCTCCTCTGAGTCAGTGGTGAAGAGCCCTGGAGAGTCAGTAACACTGTCATGTACTGTGTCTGGTTTCTCCATGGATAGCTACTACATGCACTGGATCCGTCAGAAACCAGGGAAAGGTCTAGAGTGGATTGGCCTTATTGACACTGGCACTGGCACTGTATTTGCTCAGTCCCTCCAGGGCCAGTTCACCATCACCAAAGACAACTCCAAAAACCAGTTGTACTTAGAGGTGAAAAGCCTGAAGACTGAAGACTCTGCTGTTTATTATTGTGCCAGAGA,False,False
Omyk_Chr13_NC_035089.1_IGHV26_48166898_48167189,GTGTTCAGTCTGGATCAGTCTCTTTCTCATGTGAAAAGACCTGAAGACACTGTTAAATTGTCATGTAAAACATCTGGGTTTACAATGACAGGCTTCTACTTGCACTGGATAAGGCAGAAACTAGGCAAAGCACTGGAGTGGATCGGGAGAATGAATAGCAATTCTCCAGACTACTCAGACTCCCTCAAAGGCCAGTTCACACTGACTGAGGACGGCTCCACAAGCACACAGTACTTAGAGGCCGAGAGTCTGAGATCAGAGGACTCTGCTGTTTATTGTTGCGCTCGAGAGA,False,False
Omyk_Chr13_NC_035089.1_IGHV27_48168162_48168465,GTTCATGGTCAGACACTAACTGAGTCTGGACCAGTTGTAAAAATAACTGGAGAACCACACAAAGTGACCTGTACAGCTTCTGGCTTCACATTCAGTAACTACTGGATGGCTTGGATCAGACAGGCTCCTGGGAAAGGACTTGAATGGATTGCCATTATAAAATATGATAGTGCTGAAATCTACTACTCCCAGTCAGTCCAGGGTCGGTTCACCATCTCCAGAGACAACAGCAAGCAGCAGGTGTATCTCCAGATGAACAGTCTGAAGACTGAAGACTCTGCTGTTTATTATTGTGCCAGAGA,False,False
Omyk_Chr13_NC_035089.1_IGHV28_48174816_48175127,GTGTTCTGTCAGACTGAGCTCACACAGCCAGGCTCTTTGACCCTGCAGCCTGGACAGCCTCTGACCCTCTCCTGTAAGGTCTCTGGGTATTCTTTAACCAGTACCAGCTACTGTACAGGTTGGGTACGACAGCCTGCAGGAAAAGCACTGGAGTGGGTTGGAGAAATGTGTGGCAGTGGTAACATATACTACAGTGATAAGCTGAAAAACAAATTCAGTATCTCCAGAGATACTTCCAGCAGCACAGTGACTTTAACAGGACAGAGTCTGCAGACTGAAGACACAGCTGTATATTATTGTGCTCGACGAC,False,False
Omyk_Chr13_NC_035089.1_IGHV29_48191970_48192272,GCCCGCTGTCAGGTCGTACTCACACAGGCTGAACAGTCAGTCCAGGGGACCCCTGCAGGATCCCTCAAACTCACATGTGCCTGTAGTGGATTCACTCTAAGCAGCAGTTACATGCACTGGATCCGCCAGGCACCTGGAAAAGGACTTGAATGGATAATTTACTATTACTCTGATAGTAACAAGAGCAATGCCCCTGTAGTACAGGGTAGATTCACAGCGTTGAAGGACAGCACTAATTTCTATCTGCACATGAACCTGTTGAAGCCAGAGGACTCCGCAGTGTATTACTGTGCTAGAGACT,False,False
Omyk_Chr13_NC_035089.1_IGHV30_48201668_48201973,GTTCATGGTCAGACACTGACTGAGTCTGGACCAGGGATTAAAACGCCTGGAGAATCCAACACACTGAGTTGTACCACCTCTGGGTTCACATTCAGTAGCTACCATATGGCTTGGATGAAACAGGCTCCTGGGAAAGGACTTGAGTTTGTTGCCTTTATACACACTGGTGGATCGAGTCCATTCTATTCTCAGTCAATACAGGGTAGATTCACCATCTCCAGAGATGACTCCAGCAGTAAGCTGTACCTACAGATGAACAGTCTGAAGAGTGAGGACACAGCATTGTATTACTGTGCCCGGTACA,False,False
Omyk_Chr13_NC_035089.1_IGHV31P_48211869_48212178,GTGACTAATTGTTTTTCCCACAGATGTGTACTGTGGTGGTCTGGAGAGTCTCCGAGCATCACCTGTAAGGTCTCTGGGTATTCTGTTAGTGATAGCAGCACAAGCTTTGCCACAGGTTGGGTTCGAAAGCCTGCAGGGAAATCTATGGAGTGGATTTCCCATATATGGGATGATGGAGATATCTACATAAATTATGCACTGAATAACATGTTCAGCATTTCAAGAGCTGCCTCCAGCAACTCTGTGTATTTTAAAAGGCAGAGCCTGCAACCTGAAGACATAGCTGTGTATTACATTGTTCGCTACACTC,False,False
Omyk_Chr13_NC_035089.1_IGHV32_48222441_48222126,GTTCAGGGACAGTCACTCACCTCCTCTGAGCCAGTGGTGAAGAGCCCTGGAGAGTCAGTAACACTGGCCTATGCTGTGTCTGGACTACCCCTGAGCTGGTTACACTGGATCCATCAGAAACCTGGGAAAGGTTTGGGCTTGAGGTTTGAGTGGTTTGAGTGGATTGGGCTCATTGACAGTGGCACTGGCACTATATTTGCCCAATCTCTACATGGTCAGTTCACCATCACCAAAGACAGCTCCAAAAACCAGCTGTACCTCGAGGTAAAAAGCCTGAAGACCAAAGACTCTGCTGTTTATTATTGTGCCAGAGA,False,False
Omyk_Chr13_NC_035089.1_IGHV33_48223844_48223544,GTTCAGGGGCAGTCACTCACCTCCTCTGAGCCAGTAGTGAAGAGACCTAGTGAGTCAGTAACACTGTCCTGTACTGTGTCTGGATTCTCCATGGGTAGCTACTGGATGCAATGGATCCGTCAGAAACCAGGGAAAGGATTGGAGTGGATTGGATTCATTGACACTGGAACCACTGCTTATTATGCCCAGTCTCTCCAGGGCCAGTTCACCATCACCAAAGACACCTCCAAAAACCAGCTGTACTTAGAGATGAAAAGTCTGAAGACTGAAGACTCTGCTGTTTATTATTGTGCCAGAGA,False,False
Omyk_Chr13_NC_035089.1_IGHV34_48237588_48237899,GTGTATAGTCAGAGTCTGGAGGACATTCCCTCCAGTCCAGTCATGAAAAAGCCTGGAGAACTTCTCAGCCTCTCCTGTAAGGGATCTGGCTTTACCTTTAGTAGCTACAACATGGCCTGGATACGTCAACCTGAAGGAAGAACACTTGAATGGATAGGCATTATATGGAATGATGCTAGTGGAACTGTATATACAAAAAGTGTTGAAGGACGGATAGAAGTCACCAGAGACAATTCTAACAGCATGGTGTATCTGAAGCTGTCTGGTCTGAGAGCAGAGGACTCTGCTGTGTATTACTGTGCAAGAGAGG,False,False
Omyk_Chr13_NC_035089.1_IGHV35_48243688_48243987,GTTCAGGGTCAGACATTGACTGAGTCTGGACCAGTGGTTAAAAATCCTGGAGAATCCCACAAACTGACCTGTACAGGTTCTGGGTTCACATTCAGTAGCTATGAGATGAACTGGATCAGACAGGCTCCTGGGAAAGGATTGGAGTGGATTGCCTATAGTTATAGTACTACTACATATTACTCCCAGTCAGTCCAAGGTAGATTCACTATCTCCAGAGATGACTCCAGCAGTAAACTGTACCTACAGATGAACAGTCTGAGGAGTGAGGACACAGCAGTGTATTACTGTGCTAGAGAGT,False,False
Omyk_Chr13_NC_035089.1_IGHV36P_48244719_48245034,TGGCTACTGTGTTGTTGAACTTATCCAGTCTGGTCCAGTGGTTAGAAAACCAGGAGAGTCTCAGCATTATATTCTCAATGTCCTCGCTGGATATGACAAGCTGAAGGCAAAGCTTTGGAGTATGTTGGTTATACATGTATTAGTAGTACCTCCACTGTAGACTCACTGAAGATCAAGATCAGTTCTATATACAACAGCTCCAGCAGTACAGCGTTTCTACAAGGGAACAACTTCCAGACTGAAGACACAGCTGTTTATTACTGTGTCTGTGAGA,False,False
Omyk_Chr13_NC_035089.1_IGHV37P_48245867_48246172,GTCCACTGTCAGGTCGTACTCACACAGGCTGAACAGTCAGTCCAGGGGAGCCCCGGGGGATCCCTCAAACTCCTGTAGTGTGCCTGTAGTGGATTTACTCTAAGCAGCACTAATATGTACTGGATCCGCCAAGCACCTGGAAAAGGACTTGAATGGATTGTTTACTATTATTCTGACAGTGACAAGAGCAATGCCCAGGTAGTACAGAGTAGATTCACAGCGTTGAAGGACAGCAGTAATTTCTATCTCCACATGAGCCAGTTGAAGCCAGAGGACTCTGCAGTGTATTACTTTGCTAGAGACT,False,False
Omyk_Chr13_NC_035089.1_IGHV38_48250487_48250789,GTCCAGGGTCAGACACTAACTGAGTCTGGGCCAGTGGTTAAAAAGCATCAGGATTCCCACAAACTGACCTGTACATATAACGGGTTTGGTGGAAACATTGATGCAGCTTGGATCAGACAGGCTCCTGGGAAAGGACTGGAGTGGGTGTCCTATATTAGCAGTGGTAGTAGTTACATCTACTATTCCCAGTCTGTTCAGGGTCGGTTCACCATCTCCAGAGACAACAGCAAGCAGCAGGTGTATCTCCAGTTGAACAATCTGAAGACTGACGACTCTGCTGTTTATTATTGTGCACGACAGC,False,False
Omyk_Chr13_NC_035089.1_IGHV39P_48254879_48254570,ATATATGGTCAGAGTCTAGAGGACATTCCCTCCAGTCCAGTCCTGAAAAAGCCTGGAGTACCTCTCAGCCTCTCCTGTAAGGGATCTGCCTATATATGTAGTAGCTACCATATGGGCTGGATAAGACAACCAGCATGAAAAGCTTGAGAATGGATTGGCGCTGTATGAAGTGATGCTAGTGGAACTGTGTATGCAAAAAGTGTTGAAGGACGGATAGAAGTCACCATAGATAATTCTAACAGCATGGTGTATCTGAAGCTGTCTGGTTTGAGAGCAGAGGACTCTGCTGTGTATTACTGTGCAAGAGA,False,False
Omyk_Chr13_NC_035089.1_IGHV40_48257525_48257828,TGCAATGGTCAGAGTCTGGAGTCCATTCCCTCTAGTCCAGTCCAGAAAAATCCCGGAGAAACTCTCAGTCTGTCCTGTAAGATATCTGGATTCACCTTTGACAGCCACAACACACACTGGATACGACAGCCAGCAGGAAAATCCCTGGAGTGGTTGGGTTTTTCTGGATTAGGCCTAGGTTACCATGCTAAAAGGTTTGAAGGACGTATGGAAACCACTAAAGATACTAGTAACAGCATGTTGACTTTGATGCTGTCTGGTCTGAGAACAGAGGACTCTGCTGTGTATTACTGTGCAAGAGA,False,False
Omyk_Chr13_NC_035089.1_IGHV41P_48279548_48279841,TATTCATGGTCAGACACTGACTGATTCTGGACCAGTGGTTAAAAAGCCTGGAGAATCCCACAAACTGACCTGTACAGGCTCTGTGTTTACTTTCAGTAGCTTCTGGATGGCTTGGATCAGACAGACTCCTGGGAAAGGACTAGAATTTATGGCAGCATATTATAACAACAGAAATATTGCCTCCTCCCAGTCTGTTCAGAGTCGGTTCATCATATCCAGAGACAACAGCATGCAGCAGGTGTATCTCCAGATGAACAGCCTGAAGACTCTGCTGTTTATTATTGTGCCAGAGA,False,False
Omyk_Chr13_NC_035089.1_IGHV42P_48280387_48280681,GGGAGGGAGAGAACCGAGGAATTGAGCAGAAAATATCAGTCAAGGAGACTGTTAAATTATCATGAAAAACATCTGGGTTTAAAACAACAGACTATTATATAAACTGGATAAGGCAGCAACCAGGAAAAAGGCTGGAGTGGATTGGTAAAATTATGGTTCAAGCTCTGCTACCTGCTCAGACTGCCTGAAAGGCTGGTTCACCCTGACTGAGGATGTCTCCATCCAAACACACAGTTCTTAGAGGCCAAGATTCTGAGAGCAGAGGACTCTGATGTTTATTATTGTGCTGGACAGA,False,False
Omyk_Chr13_NC_035089.1_IGHV43_48307972_48307670,GTTCACTGTGAAGAACTCACTCAGCCAGCCTCTATGACTGTCCAGTCAGGTCAACCACTGACCATCTCTTGTAAGGTTTCATATTCTGTAGGTAGCTATTACACAGCTTGGATCCGGCAGCCTGCAGGGAAAACACTGGAGTGGATTGGAATGAAATATACTGGAGGAACGCACCACAAAGACTCCCTGAAAAATAAGTTCAGCCTCACAGTAGACTCCTCCAGCAATACTGTGACTTTAACAGGACAGAGTCTGCAGACTGAGGACACAGCTGTGTATTATTGTGCTCGTCTC,False,False
Omyk_Chr13_NC_035089.1_IGHV45P_48316059_48315761,TTACAGAGTTCTGAACTCAGCCAGCCTCTATAACTGTTCAGCCAGATCAACCACTGTCCATCTCCTGTAAGGTCTCATATTCTGTTACTAGCTCTAGTGCAAATTGAATTTGACAGCCTGTAGGGAAAACACTGGAGTGGATTGGATATACTGTATCAATAATTGTGGAAGCATAGCTTATAAATTGTAACTTAAAAACAAGTTCATTATCACTGGAGCCACTTCCAGCAACACATTGTTTTTACAGGAGAGAGTCTGCAGACTGAGGACACAGCTGTGTATTATTGTGCTCGCCTC,False,False
Omyk_Chr13_NC_035089.1_IGHV46_48327417_48327761,TTAAGATTTCATTGTGACAACATGTGTGCTTTCTTTTTAACAGCTGTTCAGGGTCAGACATTGACTGAGTCTGGACCAGTAATTAAAACGCCTGGAGAATCCCACACACTGATCTGTACAGGTTCTGGGTTCACGTTCAAGGACTATTGGATGAGTTGGATCAGACAGGCTCCTGGGAAAGAACTGGAATGGATTGGTTATATACATGGTACTACTACATATTACTCCCAGTCATTTCAGGGTAGATTCACCCTCTCCAGAGATGACTCCAGCAGTAAGCTGTACCTACAGATGAACAGCCTGAAGAGTGAGGACACAGCAGTGTATTACTGTGCCCGGTACA,False,False
Omyk_Chr13_NC_035089.1_IGHV47P_48339577_48339885,AAGTTGCATTTGTTGAATTAACAATTTATTGAATGACCGCCGTAATGTTTGCAGGAGTTTGCTGTGATTAGATGGATCAGTCACCTTCTCAGGTGAAACTGTTAAATTGTCCAGTAAAATCTCTGGGTTTGATATGACAGACTACTATATGACCTGGATAAGACAGAAACCAGGCAAAGCTCTGGAGTGGATTGGGAGAATTAACTCCAGTTCATCCTGACTGAGGATGTCTCCACAAGCACCTAGTTCTTAGAGGCCAAGAGTCTGAGATCAGAACACTCTGCTGTTTATTATTGTGCTCGAGAGG,False,False
